"binCaretaker","count","avgDBH","avgLat","avgLong"
"Private",29920,9.08118315508021,37.7611409876046,-122.434996977704
"Public",7198,13.6762989719366,37.7596473330675,-122.43332258319
